codeInstallation,codeInseeCommune,libelle,metro,bus,tram,train,bateau,autreTransport,aucunTransport,dateMAJ,dateCreation
I310030002,31003,Etablissement scolaire,0,1,0,0,0,0,0,25/11/2019,25/11/2019
I310040004,31004,Complexe sportif,0,1,0,0,0,0,0,03/12/2019,03/12/2019
I310040005,31004,Etablissement scolaire,0,0,0,0,0,0,1,11/12/2019,27/11/2019
I310200003,31020,Etablissement scolaire,0,0,0,0,0,0,1,18/11/2019,18/11/2019
I310200009,31020,Piscine,0,0,0,0,0,0,1,18/11/2019,18/11/2019
I310200013,31020,Base de plein air et/ou de loisirs,0,0,0,0,0,0,1,20/11/2018,
I310280005,31028,Etablissement scolaire,0,0,0,0,0,0,1,27/11/2019,27/11/2019
I310320002,31032,Complexe sportif,0,1,0,0,0,0,0,24/07/2015,24/07/2015
I310320005,31032,Etablissement scolaire,0,1,0,0,0,0,0,24/07/2015,24/07/2015
I310330003,31033,Etablissement scolaire,0,1,0,0,0,0,0,09/11/2018,
I310330011,31033,Etablissement scolaire,0,1,0,0,0,0,0,09/11/2018,26/06/2015
I310330012,31033,Piscine,,,,,,,0,09/11/2018,26/06/2015
I310350004,31035,Etablissement scolaire,0,1,0,0,0,0,0,21/07/2015,21/07/2015
I310350008,31035,Complexe sportif,0,1,0,0,0,0,0,28/06/2017,28/06/2017
I310350009,31035,Etablissement scolaire,0,1,0,0,0,0,0,21/07/2015,21/07/2015
I310350012,31035,Etablissement scolaire,0,0,0,0,0,0,1,21/07/2015,21/07/2015
I310360002,31036,Complexe sportif,0,0,0,0,0,0,1,27/11/2019,27/11/2019
I310370004,31037,Etablissement scolaire,0,0,0,0,0,0,1,27/11/2019,27/11/2019
I310420003,31042,Complexe sportif,0,0,0,0,0,0,1,04/06/2015,04/06/2015
I310420008,31042,Arodrome/aroport,0,1,0,0,0,0,0,04/06/2015,04/06/2015
I310440001,31044,Complexe sportif,0,0,0,0,0,0,1,26/11/2019,26/11/2019
I310440002,31044,Complexe sportif,0,0,0,0,0,0,1,18/10/2019,18/10/2019
I310440003,31044,Complexe sportif,0,0,0,0,0,0,1,26/11/2019,26/11/2019
I310440004,31044,Complexe sportif,0,1,0,0,0,0,0,28/06/2016,28/06/2016
I310440006,31044,Etablissement scolaire,0,1,0,0,0,0,0,29/11/2018,19/11/2018
I310440008,31044,Arodrome/aroport,0,1,0,0,0,0,0,18/09/2016,18/09/2016
I310440022,31044,Etablissement scolaire,0,1,0,0,0,0,0,07/09/2016,07/09/2016
I310440023,31044,Etablissement scolaire,0,0,0,0,0,0,1,09/09/2019,06/05/2019
I310480001,31048,Complexe sportif,0,1,0,1,0,0,0,18/06/2015,18/06/2015
I310520001,31052,Complexe sportif,0,0,0,0,0,0,1,27/11/2019,27/11/2019
I310560006,31056,Base de plein air et/ou de loisirs,0,1,0,0,0,0,0,,
I310650002,31065,Complexe sportif,0,1,0,0,0,0,0,22/11/2015,22/11/2015
I310660010,31066,Etablissement scolaire,0,1,0,0,0,0,0,21/07/2015,21/07/2015
I310690002,31069,Base de plein air et/ou de loisirs,0,0,0,0,0,0,1,21/12/2018,21/12/2018
I310690003,31069,Complexe sportif,0,0,0,0,0,0,1,04/01/2019,04/01/2019
I310690004,31069,Complexe sportif,0,1,1,0,0,0,0,20/12/2018,20/12/2018
I310690005,31069,Complexe sportif,0,1,0,0,0,0,0,29/01/2019,24/01/2019
I310690006,31069,Complexe sportif,0,1,1,0,0,0,0,29/06/2016,29/06/2016
I310690007,31069,Complexe sportif,0,0,0,0,0,0,1,21/12/2018,29/06/2016
I310690008,31069,Etablissement scolaire,0,1,1,0,0,0,0,14/10/2016,14/10/2016
I310690011,31069,Etablissement scolaire,0,1,0,0,0,0,0,21/12/2018,18/07/2016
I310690012,31069,Etablissement scolaire,0,1,0,0,0,0,0,29/06/2016,29/06/2016
I310690022,31069,Etablissement scolaire,0,1,0,0,0,0,0,,
I310690026,31069,Complexe sportif,0,1,0,0,0,0,0,29/06/2016,29/06/2016
I310700001,31070,Etablissement scolaire,0,0,0,0,0,0,1,25/06/2018,25/06/2018
I310710002,31071,Arodrome/aroport,,,,,,,0,25/06/2018,25/06/2018
I310790001,31079,Complexe sportif,,,,,,,0,21/07/2015,21/07/2015
I310790003,31079,Etablissement scolaire,0,1,0,0,0,0,0,,
I310800004,31080,Complexe sportif,,,,,,,0,04/12/2019,04/12/2019
I310810001,31081,Domaine de ski,0,0,0,0,0,0,1,12/11/2018,25/06/2018
I310820003,31082,Arodrome/aroport,0,0,0,0,0,0,1,15/11/2019,15/11/2019
I310840002,31084,Complexe sportif,0,0,0,0,0,0,1,27/11/2019,27/11/2019
I310840003,31084,Piscine,0,0,0,0,0,0,1,27/11/2019,27/11/2019
I310840004,31084,Etablissement scolaire,0,1,0,0,0,0,0,27/11/2019,27/11/2019
I310850001,31085,Domaine de ski,0,0,0,0,0,0,1,08/10/2018,21/10/2013
I310910002,31091,Complexe sportif,0,1,0,0,0,0,0,25/06/2015,25/06/2015
I310910007,31091,Base de plein air et/ou de loisirs,,,,,,,0,,
I310980001,31098,Etablissement scolaire,0,0,0,0,0,0,1,04/12/2019,24/11/2014
I310980008,31098,Etablissement scolaire,0,1,0,0,0,0,0,06/12/2019,
I311000001,31100,Complexe sportif,0,1,0,0,0,0,0,27/11/2019,13/11/2014
I311000003,31100,Etablissement scolaire,0,1,0,0,0,0,0,28/11/2019,28/11/2019
I311070001,31107,Complexe sportif,,,,,,,0,07/09/2018,18/06/2018
I311070007,31107,Etablissement scolaire,0,1,0,0,0,0,0,17/06/2015,17/06/2015
I311130001,31113,Complexe sportif,0,1,0,0,0,0,0,17/06/2015,17/06/2015
I311130002,31113,Complexe sportif,0,1,0,0,0,0,0,17/06/2015,17/06/2015
I311130003,31113,Complexe sportif,0,1,0,0,0,0,0,17/06/2015,17/06/2015
I311130004,31113,Complexe sportif,0,1,0,0,0,0,0,17/06/2015,17/06/2015
I311130005,31113,Complexe sportif,0,1,0,0,0,0,0,17/06/2015,17/06/2015
I311130008,31113,Etablissement scolaire,0,1,0,0,0,0,0,17/06/2015,17/06/2015
I311130009,31113,Etablissement scolaire,0,1,0,0,0,0,0,,
I311130012,31113,Etablissement scolaire,0,1,0,0,0,0,0,,
I311160004,31116,Complexe sportif,0,1,0,0,0,0,0,21/07/2015,21/07/2015
I311160005,31116,Complexe sportif,0,1,0,0,0,0,0,21/07/2015,21/07/2015
I311170001,31117,Complexe sportif,0,1,0,0,0,0,0,17/06/2015,17/06/2015
I311170006,31117,Base de plein air et/ou de loisirs,,,,,,,0,,
I311180001,31118,Complexe sportif,0,1,0,0,0,0,0,29/07/2015,29/07/2015
I311330002,31133,Complexe sportif,0,0,0,0,0,0,1,19/10/2018,24/01/2014
I311350001,31135,Complexe sportif,0,1,0,0,0,0,0,21/09/2015,21/09/2015
I311350002,31135,Complexe sportif,,,,,,,0,21/09/2015,21/09/2015
I311350003,31135,Piscine,,,,,,,0,21/09/2015,21/09/2015
I311350004,31135,Etablissement scolaire,0,1,0,0,0,0,0,21/09/2015,21/09/2015
I311470002,31147,Arodrome/aroport,0,0,0,0,0,0,1,18/10/2018,18/10/2018
I311490002,31149,Complexe sportif,0,1,0,0,0,0,0,12/09/2016,12/09/2016
I311490003,31149,Complexe sportif,0,1,0,0,0,0,0,09/10/2016,09/10/2016
I311490008,31149,Complexe sportif,0,1,0,0,0,0,0,08/09/2016,08/09/2016
I311490011,31149,Etablissement scolaire,0,1,0,0,0,0,0,08/09/2016,08/09/2016
I311490012,31149,Complexe sportif,0,1,0,0,0,0,0,16/10/2016,16/10/2016
I311490013,31149,Etablissement scolaire,0,1,0,0,0,0,0,08/09/2016,08/09/2016
I311490014,31149,Piscine,0,1,0,0,0,0,0,09/09/2016,09/09/2016
I311490018,31149,Etablissement scolaire,0,1,0,0,0,0,0,08/09/2016,08/09/2016
I311490033,31149,Etablissement scolaire,0,1,0,0,0,0,0,07/09/2016,07/09/2016
I311490036,31149,Etablissement scolaire,0,1,0,0,0,0,0,,
I311490038,31149,Complexe sportif,0,0,0,0,0,1,0,,
I311500002,31150,Complexe sportif,0,1,0,0,0,0,0,24/07/2015,24/07/2015
I311570001,31157,Etablissement scolaire,0,1,0,0,0,0,0,23/11/2016,23/11/2016
I311570003,31157,Etablissement scolaire,0,1,0,0,0,0,0,16/11/2016,16/11/2016
I311570004,31157,Etablissement scolaire,0,1,0,0,0,0,0,16/11/2016,16/11/2016
I311570005,31157,Etablissement scolaire,0,1,0,0,0,0,0,23/11/2016,23/11/2016
I311570007,31157,Complexe sportif,0,1,0,0,0,0,0,17/11/2016,17/11/2016
I311570011,31157,Complexe sportif,0,1,0,0,0,0,0,17/11/2016,17/11/2016
I311570019,31157,Etablissement scolaire,0,1,0,0,0,0,0,23/11/2016,23/11/2016
I311600006,31160,Etablissement scolaire,0,1,0,0,0,0,0,28/08/2019,28/08/2019
I311630001,31163,Etablissement scolaire,0,0,0,0,0,0,1,11/10/2019,11/10/2019
I311630002,31163,Complexe sportif,0,0,0,0,0,0,1,05/11/2019,05/11/2019
I311650002,31165,Complexe sportif,,,,,,,0,05/06/2015,05/06/2015
I311670001,31167,Complexe sportif,,,,,,,0,15/10/2018,27/06/2013
I311810005,31181,Etablissement scolaire,0,0,0,0,0,0,1,03/12/2019,28/11/2019
I311820006,31182,Complexe sportif,0,1,0,0,0,0,0,21/07/2015,21/07/2015
I311820007,31182,Complexe sportif,0,1,0,0,0,0,0,21/07/2015,21/07/2015
I311860004,31186,Complexe sportif,0,1,0,0,0,0,0,26/06/2015,26/06/2015
I311870001,31187,Base de plein air et/ou de loisirs,,,,,,,0,24/07/2015,24/07/2015
I311870003,31187,Complexe sportif,,,,,,,0,24/07/2015,24/07/2015
I311870004,31187,Complexe sportif,0,1,0,0,0,0,0,24/07/2015,24/07/2015
I311870005,31187,Complexe sportif,0,0,0,0,0,0,1,24/10/2019,24/10/2019
I311870011,31187,Etablissement scolaire,0,1,0,0,0,0,0,24/07/2015,24/07/2015
I311870013,31187,Complexe sportif,0,1,0,0,0,0,0,24/10/2019,24/10/2019
I311930009,31193,Etablissement scolaire,0,1,0,0,0,0,0,29/10/2019,02/12/2014
I312020004,31202,Complexe sportif,0,0,0,0,0,0,1,29/07/2015,29/07/2015
I312020011,31202,Complexe sportif,0,1,0,0,0,0,0,29/07/2015,29/07/2015
I312030004,31203,Complexe sportif,0,1,0,0,0,0,0,22/09/2015,22/09/2015
I312050001,31205,Complexe sportif,0,1,0,0,0,0,0,19/04/2017,19/04/2017
I312100002,31210,Complexe sportif,0,1,0,0,0,0,0,03/12/2019,03/12/2019
I312210001,31221,Domaine de ski,0,1,0,0,0,0,0,05/03/2019,05/03/2019
I312210002,31221,Piscine,0,0,0,0,0,0,1,05/03/2019,05/03/2019
I312240004,31224,Etablissement scolaire,0,0,0,0,0,0,1,04/12/2019,04/12/2019
I312300001,31230,Complexe sportif,0,1,0,0,0,0,0,26/06/2015,26/06/2015
I312300003,31230,Etablissement scolaire,0,1,0,0,0,0,0,26/06/2015,26/06/2015
I312300005,31230,Complexe sportif,0,1,0,0,0,0,0,,
I312300006,31230,Etablissement scolaire,0,1,0,0,0,0,0,02/07/2015,02/07/2015
I312320002,31232,Complexe sportif,0,1,0,0,0,0,0,24/07/2015,24/07/2015
I312320003,31232,Base de plein air et/ou de loisirs,0,1,0,0,0,0,0,24/07/2015,24/07/2015
I312390002,31239,Complexe sportif,0,0,0,0,0,0,1,07/11/2019,07/11/2019
I312390004,31239,Arodrome/aroport,0,0,0,0,0,0,1,15/10/2019,
I312470006,31247,Etablissement scolaire,0,0,0,0,0,0,1,03/12/2019,03/12/2019
I312480002,31248,Etablissement scolaire,0,1,0,0,0,0,0,,
I312480003,31248,Complexe sportif,0,1,0,0,0,0,0,22/09/2015,22/09/2015
I312530001,31253,Complexe sportif,0,0,0,0,0,0,1,28/08/2019,28/08/2019
I312540012,31254,Etablissement scolaire,0,1,0,0,0,0,0,,
I312540013,31254,Etablissement scolaire,0,1,0,0,0,0,0,27/02/2017,27/02/2017
I312540015,31254,Etablissement scolaire,0,0,0,0,0,0,1,,
I312630006,31263,Etablissement scolaire,0,0,0,0,0,0,1,07/11/2019,07/11/2019
I312710004,31271,Etablissement scolaire,0,0,0,0,0,0,1,15/11/2019,15/11/2019
I312730004,31273,Etablissement scolaire,0,1,0,0,0,0,0,17/06/2015,17/06/2015
I312820001,31282,Etablissement scolaire,0,1,0,0,0,0,0,,
I312820006,31282,Complexe sportif,0,1,0,0,0,0,0,27/07/2015,27/07/2015
I312820007,31282,Piscine,0,1,0,0,0,0,0,27/07/2015,27/07/2015
I312820012,31282,Complexe sportif,0,1,0,0,0,0,0,27/07/2015,27/07/2015
I312840001,31284,Complexe sportif,0,0,0,0,0,0,1,18/10/2019,18/10/2019
I312870002,31287,Etablissement scolaire,0,1,0,0,0,0,0,,
I312910005,31291,Complexe sportif,0,1,0,0,0,0,0,27/07/2015,27/07/2015
I312910007,31291,Etablissement scolaire,0,1,0,0,0,0,0,27/07/2015,27/07/2015
I312910009,31291,Etablissement scolaire,0,1,0,0,0,0,0,27/07/2015,27/07/2015
I312910011,31291,Etablissement scolaire,0,1,0,0,0,0,0,,
I312930002,31293,Complexe sportif,0,1,0,0,0,0,0,27/07/2015,27/07/2015
I312930003,31293,Complexe sportif,,,,,,,0,26/07/2017,26/07/2017
I312970006,31297,Etablissement scolaire,0,1,0,0,0,0,0,29/08/2019,
I312980001,31298,Complexe sportif,,,,,,,0,21/11/2018,07/11/2018
I312990004,31299,Complexe sportif,0,1,0,0,0,0,0,08/07/2015,08/07/2015
I313110001,31311,Complexe sportif,0,0,0,0,0,0,1,21/11/2019,21/11/2019
I313160002,31316,Complexe sportif,0,0,0,0,0,0,1,28/11/2019,28/11/2019
I313240001,31324,Complexe sportif,0,0,0,0,0,0,1,04/12/2019,04/12/2019
I313410010,31341,Etablissement scolaire,0,1,0,0,0,0,0,,
I313450006,31345,Etablissement scolaire,0,0,0,0,0,0,1,21/11/2019,21/11/2019
I313460001,31346,Complexe sportif,0,0,0,0,0,0,1,29/11/2019,29/11/2019
I313560004,31356,Base de plein air et/ou de loisirs,0,0,0,0,0,0,1,18/11/2019,18/11/2019
I313580003,31358,Complexe sportif,,,,,,,0,12/06/2015,12/06/2015
I313580005,31358,Etablissement scolaire,0,1,0,0,0,0,0,,
I313640003,31364,Etablissement scolaire,0,1,0,0,0,0,0,17/06/2015,17/06/2015
I313750003,31375,Complexe sportif,0,1,0,0,0,0,0,19/06/2015,19/06/2015
I313750004,31375,Piscine,0,1,0,0,0,0,0,12/06/2015,12/06/2015
I313750005,31375,Etablissement scolaire,0,1,0,0,0,0,0,19/06/2015,19/06/2015
I313800002,31380,Base de plein air et/ou de loisirs,0,0,0,0,0,0,1,05/10/2018,02/07/2013
I313850001,31385,Piscine,0,0,0,0,0,0,1,02/10/2018,15/04/2016
I313880002,31388,Base de plein air et/ou de loisirs,0,0,0,0,0,0,1,28/11/2019,28/11/2019
I313890007,31389,Complexe sportif,0,1,0,1,0,0,0,02/07/2015,02/07/2015
I313900009,31390,Base de plein air et/ou de loisirs,,,,,,,0,05/06/2015,05/06/2015
I313900010,31390,Etablissement scolaire,0,1,0,0,0,0,0,05/06/2015,05/06/2015
I313950002,31395,Arodrome/aroport,,,,,,,0,30/06/2016,30/06/2016
I313950003,31395,Complexe sportif,0,1,0,0,0,0,0,04/07/2016,04/07/2016
I313950004,31395,Complexe sportif,0,0,0,0,0,0,1,30/06/2016,30/06/2016
I313950005,31395,Complexe sportif,0,0,0,0,0,0,1,22/10/2019,22/10/2019
I313950006,31395,Complexe sportif,0,1,0,0,0,0,0,30/06/2016,30/06/2016
I313950008,31395,Complexe sportif,0,1,0,0,0,0,0,30/06/2016,30/06/2016
I313950009,31395,Base de plein air et/ou de loisirs,0,1,0,0,0,0,0,30/06/2016,30/06/2016
I313950020,31395,Base de plein air et/ou de loisirs,,,,,,,0,30/06/2016,30/06/2016
I313950027,31395,Etablissement scolaire,0,1,0,0,0,0,0,30/06/2016,30/06/2016
I313950030,31395,Etablissement scolaire,0,1,0,0,0,0,0,,
I313950033,31395,Etablissement scolaire,0,1,0,0,0,0,0,29/06/2016,29/06/2016
I313950034,31395,Etablissement scolaire,0,1,0,0,0,0,0,29/06/2016,29/06/2016
I313950035,31395,Etablissement scolaire,0,1,0,0,0,0,0,29/06/2016,29/06/2016
I313950036,31395,Etablissement scolaire,0,1,0,0,0,0,0,29/06/2016,29/06/2016
I313950037,31395,Etablissement scolaire,0,1,0,0,0,0,0,29/06/2016,29/06/2016
I313950039,31395,Etablissement scolaire,0,1,0,0,0,0,0,29/06/2016,29/06/2016
I313960010,31396,Base de plein air et/ou de loisirs,0,0,0,0,0,0,1,20/11/2018,
I313990008,31399,Etablissement scolaire,0,1,0,0,0,0,0,,
I313990010,31399,Etablissement scolaire,0,1,0,0,0,0,0,,
I314030001,31403,Complexe sportif,0,0,0,0,0,0,1,04/06/2018,13/11/2013
I314060001,31406,Arodrome/aroport,0,0,0,0,0,0,1,06/11/2019,06/11/2019
I314100001,31410,Complexe sportif,0,1,0,0,0,0,0,27/07/2015,27/07/2015
I314100002,31410,Etablissement scolaire,0,1,0,0,0,0,0,,
I314100003,31410,Complexe sportif,,,,,,,0,27/07/2015,27/07/2015
I314100004,31410,Etablissement scolaire,0,1,0,0,0,0,0,,
I314110001,31411,Etablissement scolaire,0,0,0,0,0,0,1,22/10/2019,22/10/2019
I314170002,31417,Complexe sportif,0,1,0,0,0,0,0,27/07/2015,27/07/2015
I314170006,31417,Etablissement scolaire,0,1,0,0,0,0,0,27/07/2015,27/07/2015
I314240006,31424,Etablissement scolaire,0,1,0,0,0,0,0,17/11/2016,17/11/2016
I314240013,31424,Complexe sportif,0,1,0,0,0,0,0,17/11/2016,17/11/2016
I314240015,31424,Complexe sportif,0,1,0,0,0,0,0,23/11/2016,23/11/2016
I314240019,31424,Base de plein air et/ou de loisirs,0,1,0,0,0,0,0,23/11/2016,23/11/2016
I314290002,31429,Complexe sportif,0,0,0,0,0,0,1,24/10/2019,24/10/2019
I314290003,31429,Etablissement scolaire,0,1,0,0,0,0,0,23/10/2019,23/10/2019
I314330008,31433,Complexe sportif,0,1,0,0,0,0,0,26/06/2015,26/06/2015
I314330013,31433,Complexe sportif,0,1,0,0,0,0,0,02/07/2015,02/07/2015
I314350001,31435,Complexe sportif,0,0,0,0,0,0,1,24/10/2019,24/10/2019
I314450001,31445,Complexe sportif,0,0,0,0,0,0,1,28/07/2015,28/07/2015
I314450009,31445,Etablissement scolaire,0,1,0,0,0,0,0,04/02/2019,23/03/2017
I314460004,31446,Piscine,1,0,0,0,0,0,0,08/09/2016,08/09/2016
I314460007,31446,Complexe sportif,0,1,0,0,0,0,0,07/09/2018,12/09/2016
I314510003,31451,Complexe sportif,0,1,0,0,0,0,0,26/10/2015,26/10/2015
I314510010,31451,Arodrome/aroport,,,,,,,0,26/10/2015,26/10/2015
I314540003,31454,Complexe sportif,0,1,0,0,0,0,0,26/06/2015,26/06/2015
I314550001,31455,Piscine,0,0,0,0,0,0,1,24/10/2019,24/10/2019
I314580001,31458,Complexe sportif,0,1,0,0,0,0,0,23/09/2015,23/09/2015
I314580004,31458,Etablissement scolaire,0,1,0,0,0,0,0,23/09/2015,23/09/2015
I314600001,31460,Complexe sportif,0,1,0,0,0,0,0,23/09/2015,23/09/2015
I314620001,31462,Complexe sportif,0,1,0,0,0,0,0,22/11/2019,18/11/2019
I314640003,31464,Arodrome/aroport,0,0,0,0,0,0,1,12/11/2018,
I314670002,31467,Complexe sportif,0,1,0,0,0,0,0,02/05/2019,28/07/2015
I314670004,31467,Complexe sportif,0,1,0,0,0,0,0,02/05/2019,28/07/2015
I314670005,31467,Complexe sportif,0,1,0,0,0,0,0,02/05/2019,28/07/2015
I314670008,31467,Etablissement scolaire,0,1,0,0,0,0,0,02/05/2019,
I314670009,31467,Etablissement scolaire,,,,,,,0,02/05/2019,
I314700001,31470,Domaine de ski,0,0,0,0,0,1,0,13/11/2018,19/10/2018
I314710006,31471,Piscine,0,0,0,0,0,0,1,27/08/2019,27/08/2019
I314830003,31483,Complexe sportif,0,1,0,0,0,0,0,05/06/2015,05/06/2015
I314830012,31483,Etablissement scolaire,0,1,0,0,0,0,0,05/06/2015,05/06/2015
I314830013,31483,Etablissement scolaire,0,1,0,0,0,0,0,05/06/2015,05/06/2015
I314830014,31483,Etablissement scolaire,0,1,0,0,0,0,0,19/06/2015,19/06/2015
I314830015,31483,Etablissement scolaire,0,1,0,0,0,0,0,05/06/2015,05/06/2015
I314830016,31483,Etablissement scolaire,0,1,0,0,0,0,0,05/06/2015,05/06/2015
I314840001,31484,Complexe sportif,0,0,0,0,0,0,1,18/11/2019,18/11/2019
I314840005,31484,Etablissement scolaire,0,0,0,0,0,0,1,18/11/2019,18/11/2019
I314860001,31486,Complexe sportif,0,1,0,0,0,0,0,07/11/2019,07/11/2019
I314880003,31488,Complexe sportif,0,1,0,0,0,0,0,18/06/2015,18/06/2015
I314880004,31488,Complexe sportif,,,,,,,0,18/06/2015,18/06/2015
I314880005,31488,Complexe sportif,0,1,0,0,0,0,0,18/06/2015,18/06/2015
I314880006,31488,Complexe sportif,,,,,,,0,18/06/2015,18/06/2015
I314900001,31490,Complexe sportif,0,0,0,0,0,0,1,28/07/2015,28/07/2015
I314900002,31490,Complexe sportif,0,0,0,0,0,0,1,28/07/2015,28/07/2015
I314950005,31495,Etablissement scolaire,0,0,0,0,0,0,1,07/11/2019,07/11/2019
I314970001,31497,Complexe sportif,0,0,0,0,0,0,1,22/11/2019,22/11/2019
I314970004,31497,Etablissement scolaire,0,0,0,0,0,0,1,25/11/2019,25/11/2019
I314990008,31499,Piscine,,,,,,,0,23/09/2015,23/09/2015
I315000002,31500,Complexe sportif,0,1,0,0,0,0,0,27/11/2018,22/11/2018
I315010002,31501,Base de plein air et/ou de loisirs,0,1,0,0,0,0,0,08/11/2018,28/10/2013
I315060010,31506,Complexe sportif,0,1,0,0,0,0,0,28/07/2015,28/07/2015
I315060011,31506,Complexe sportif,0,1,0,0,0,0,0,28/07/2015,28/07/2015
I315120002,31512,Etablissement scolaire,0,0,0,0,0,0,1,28/10/2019,28/10/2019
I315120003,31512,Etablissement scolaire,0,1,0,0,0,0,0,28/10/2019,28/10/2019
I315170002,31517,Complexe sportif,0,0,0,0,0,0,1,08/11/2019,08/11/2019
I315170005,31517,Etablissement scolaire,0,1,0,0,0,0,0,24/10/2019,24/10/2019
I315230001,31523,Piscine,0,0,0,0,0,0,1,04/12/2019,04/12/2019
I315230004,31523,Etablissement scolaire,0,0,0,0,0,0,1,05/12/2019,05/12/2019
I315260008,31526,Complexe sportif,0,1,0,0,0,0,0,28/07/2015,28/07/2015
I315330002,31533,Complexe sportif,0,0,0,0,0,0,1,21/11/2019,21/11/2019
I315330003,31533,Etablissement scolaire,0,1,0,0,0,0,0,21/11/2019,21/11/2019
I315350001,31535,Complexe sportif,0,0,0,0,0,0,1,13/11/2018,11/11/2013
I315410001,31541,Complexe sportif,0,1,0,0,0,0,0,27/07/2015,27/07/2015
I315410004,31541,Etablissement scolaire,0,1,0,0,0,0,0,28/07/2015,28/07/2015
I315470002,31547,Complexe sportif,0,1,0,0,0,0,0,23/09/2015,23/09/2015
I315530001,31553,Complexe sportif,0,0,0,0,0,0,1,29/08/2019,13/11/2014
I315550006,31555,Etablissement scolaire,1,1,0,0,0,0,0,18/01/2017,18/01/2017
I315550013,31555,Etablissement scolaire,0,1,0,0,0,0,0,27/01/2013,27/01/2013
I315550021,31555,Etablissement scolaire,1,1,0,0,0,0,0,,
I315550022,31555,Etablissement scolaire,0,1,0,0,0,0,0,,
I315550023,31555,Etablissement scolaire,0,1,0,0,0,0,0,,
I315550024,31555,Etablissement scolaire,1,1,0,0,0,0,0,,
I315550025,31555,Etablissement scolaire,0,1,0,0,0,0,0,,
I315550026,31555,Etablissement scolaire,0,1,0,0,0,0,0,,
I315550027,31555,Etablissement scolaire,0,1,0,0,0,0,0,,
I315550028,31555,Etablissement scolaire,0,1,0,0,0,0,0,,
I315550030,31555,Etablissement scolaire,0,1,0,0,0,0,0,,
I315550034,31555,Etablissement scolaire,0,1,0,0,0,0,0,,
I315550035,31555,Etablissement scolaire,1,1,0,0,0,0,0,,
I315550036,31555,Etablissement scolaire,0,1,0,1,0,0,0,,
I315550037,31555,Etablissement scolaire,1,1,0,0,0,0,0,,
I315550038,31555,Etablissement scolaire,0,1,0,0,0,0,0,,
I315550039,31555,Etablissement scolaire,1,1,0,0,0,0,0,16/07/2017,16/07/2017
I315550040,31555,Etablissement scolaire,0,1,1,0,0,0,0,,
I315550041,31555,Etablissement scolaire,1,1,0,0,0,0,0,17/05/2019,07/12/2016
I315550042,31555,Etablissement scolaire,0,1,0,0,0,0,0,,
I315550043,31555,Etablissement scolaire,0,1,0,0,0,0,0,,
I315550045,31555,Etablissement scolaire,0,1,1,0,0,0,0,,
I315550046,31555,Etablissement scolaire,0,1,0,0,0,0,0,,
I315550047,31555,Etablissement scolaire,1,1,0,0,0,0,0,14/05/2019,
I315550048,31555,Etablissement scolaire,1,1,0,0,0,0,0,,
I315550049,31555,Etablissement scolaire,0,1,1,0,0,0,0,,
I315550050,31555,Etablissement scolaire,0,1,0,0,0,0,0,,
I315550051,31555,Etablissement scolaire,0,1,0,0,0,0,0,,
I315550052,31555,Etablissement scolaire,0,1,0,0,0,0,0,,
I315550053,31555,Etablissement scolaire,0,1,0,0,0,0,0,,
I315550054,31555,Etablissement scolaire,1,1,0,0,0,0,0,,
I315550055,31555,Etablissement scolaire,0,1,0,0,0,0,0,14/04/2013,14/04/2013
I315550056,31555,Etablissement scolaire,0,1,0,0,0,0,0,,
I315550057,31555,Etablissement scolaire,0,1,0,0,0,0,0,,
I315550058,31555,Etablissement scolaire,0,1,0,0,0,0,0,,
I315550059,31555,Etablissement scolaire,0,1,0,0,0,0,0,,
I315550060,31555,Etablissement scolaire,0,1,0,0,0,0,0,,
I315550061,31555,Etablissement scolaire,0,1,0,0,0,0,0,,
I315550062,31555,Etablissement scolaire,0,1,0,1,0,0,0,,
I315550064,31555,Etablissement scolaire,0,1,0,0,0,0,0,,
I315550065,31555,Etablissement scolaire,1,1,0,0,0,0,0,,
I315550066,31555,Etablissement scolaire,0,1,0,0,0,0,0,23/01/2013,23/01/2013
I315550067,31555,Etablissement scolaire,0,1,0,0,0,0,0,,
I315550068,31555,Etablissement scolaire,0,1,0,0,0,0,0,,
I315550069,31555,Etablissement scolaire,0,1,0,0,0,0,0,,
I315550070,31555,Etablissement scolaire,0,1,0,0,0,0,0,23/01/2013,23/01/2013
I315550071,31555,Etablissement scolaire,0,1,0,0,0,0,0,,
I315550072,31555,Etablissement scolaire,0,1,0,0,0,0,0,,
I315550073,31555,Etablissement scolaire,1,1,0,0,0,0,0,08/12/2016,08/12/2016
I315550075,31555,Complexe sportif,1,1,0,0,0,0,0,08/12/2016,08/12/2016
I315550077,31555,Complexe sportif,0,1,0,0,0,0,0,10/01/2017,10/01/2017
I315550081,31555,Complexe sportif,0,1,0,0,0,0,0,12/01/2017,12/01/2017
I315550136,31555,Etablissement scolaire,0,1,0,0,0,0,0,01/02/2017,01/02/2017
I315550137,31555,Etablissement scolaire,1,1,0,1,0,0,0,17/01/2017,17/01/2017
I315550138,31555,Etablissement scolaire,1,1,0,0,0,0,0,09/12/2016,09/12/2016
I315550139,31555,Etablissement scolaire,1,1,0,0,0,0,0,16/01/2017,16/01/2017
I315550140,31555,Etablissement scolaire,1,1,0,0,0,0,0,25/01/2017,25/01/2017
I315550146,31555,Complexe sportif,0,1,0,0,0,0,0,20/03/2017,20/03/2017
I315550154,31555,Complexe sportif,0,1,0,0,0,0,0,09/12/2016,09/12/2016
I315550174,31555,Complexe sportif,0,1,0,0,0,0,0,16/01/2017,16/01/2017
I315550176,31555,Complexe sportif,0,1,0,0,0,0,0,12/11/2012,12/11/2012
I315550178,31555,Etablissement scolaire,0,1,0,0,0,0,0,18/06/2018,20/12/2012
I315550179,31555,Etablissement scolaire,1,1,1,0,0,0,0,17/01/2017,17/01/2017
I315550180,31555,Etablissement scolaire,1,1,1,0,0,0,0,17/01/2017,17/01/2017
I315550181,31555,Etablissement scolaire,0,1,0,0,0,0,0,03/02/2017,03/02/2017
I315550182,31555,Etablissement scolaire,0,1,0,0,0,0,0,09/01/2013,09/01/2013
I315550184,31555,Complexe sportif,0,1,0,0,0,0,0,29/08/2016,29/08/2016
I315550185,31555,Complexe sportif,0,1,0,0,0,0,0,29/08/2016,29/08/2016
I315550187,31555,Etablissement scolaire,1,1,0,0,0,0,0,13/01/2017,13/01/2017
I315550188,31555,Etablissement scolaire,0,1,0,0,0,0,0,01/02/2017,01/02/2017
I315550189,31555,Etablissement scolaire,1,1,0,0,0,0,0,17/01/2017,17/01/2017
I315550190,31555,Etablissement scolaire,1,1,0,0,0,0,0,18/01/2017,18/01/2017
I315550191,31555,Etablissement scolaire,0,1,0,0,0,0,0,18/01/2017,18/01/2017
I315550192,31555,Etablissement scolaire,1,1,0,0,0,0,0,09/01/2017,09/01/2017
I315550193,31555,Etablissement scolaire,0,1,0,0,0,0,0,24/01/2017,24/01/2017
I315550195,31555,Etablissement scolaire,1,1,0,0,0,0,0,13/01/2017,13/01/2017
I315550213,31555,Complexe sportif,1,1,0,0,0,0,0,08/12/2016,08/12/2016
I315550214,31555,Complexe sportif,0,1,0,0,0,0,0,08/12/2016,08/12/2016
I315550216,31555,Etablissement scolaire,1,1,0,0,0,0,0,20/01/2017,20/01/2017
I315550217,31555,Complexe sportif,0,1,0,0,0,0,0,10/01/2017,10/01/2017
I315550218,31555,Complexe sportif,0,1,0,1,0,0,0,12/01/2017,12/01/2017
I315550220,31555,Etablissement scolaire,1,1,0,0,0,0,0,16/01/2017,16/01/2017
I315550221,31555,Etablissement scolaire,1,1,0,1,0,0,0,16/01/2017,16/01/2017
I315550222,31555,Etablissement scolaire,0,1,0,0,0,0,0,16/12/2012,16/12/2012
I315550224,31555,Complexe sportif,0,1,0,0,0,0,0,09/12/2016,09/12/2016
I315550225,31555,Complexe sportif,1,1,0,0,0,0,0,05/01/2017,05/01/2017
I315550226,31555,Complexe sportif,1,1,1,0,0,0,0,14/06/2019,03/02/2017
I315550227,31555,Complexe sportif,1,1,0,0,0,0,0,09/12/2016,09/12/2016
I315550229,31555,Piscine,0,1,0,0,0,0,0,08/12/2016,08/12/2016
I315550230,31555,Complexe sportif,1,1,0,0,0,0,0,09/12/2016,09/12/2016
I315550231,31555,Complexe sportif,0,1,0,0,0,0,0,08/12/2016,08/12/2016
I315550232,31555,Complexe sportif,0,1,0,0,0,0,0,08/12/2016,08/12/2016
I315550234,31555,Complexe sportif,,,,,,,0,09/12/2016,09/12/2016
I315550238,31555,Complexe sportif,0,1,0,0,0,0,0,24/01/2017,24/01/2017
I315550239,31555,Complexe sportif,1,1,0,0,0,0,0,08/12/2016,08/12/2016
I315550240,31555,Complexe sportif,0,1,0,0,0,0,0,09/12/2016,09/12/2016
I315550243,31555,Complexe sportif,1,1,0,0,0,0,0,04/04/2019,04/04/2019
I315550244,31555,Complexe sportif,0,1,0,0,0,0,0,12/01/2017,12/01/2017
I315550248,31555,Complexe sportif,0,1,0,0,0,0,0,08/12/2016,08/12/2016
I315550250,31555,Complexe sportif,0,1,0,0,0,0,0,08/12/2016,08/12/2016
I315550251,31555,Complexe sportif,0,1,0,0,0,0,0,10/01/2017,10/01/2017
I315550252,31555,Complexe sportif,0,1,0,0,0,0,0,10/01/2017,10/01/2017
I315550253,31555,Complexe sportif,1,1,0,0,0,0,0,09/12/2016,09/12/2016
I315550254,31555,Complexe sportif,0,1,0,0,0,0,0,08/12/2016,08/12/2016
I315550255,31555,Complexe sportif,1,1,0,0,0,0,0,12/12/2016,12/12/2016
I315550260,31555,Base de plein air et/ou de loisirs,0,1,0,0,0,0,0,12/10/2018,09/12/2016
I315550261,31555,Complexe sportif,0,1,0,0,0,0,0,09/12/2016,09/12/2016
I315550263,31555,Complexe sportif,1,1,0,0,0,0,0,08/12/2016,08/12/2016
I315550266,31555,Complexe sportif,0,1,0,0,0,0,0,12/12/2016,12/12/2016
I315550277,31555,Complexe sportif,0,0,0,0,0,0,1,14/06/2019,14/06/2019
I315550291,31555,Complexe sportif,1,1,0,0,0,0,0,08/12/2016,08/12/2016
I315550294,31555,Complexe sportif,1,1,0,0,0,0,0,03/02/2017,03/02/2017
I315550296,31555,Complexe sportif,0,1,0,0,0,0,0,10/01/2017,10/01/2017
I315550303,31555,Complexe sportif,1,1,0,0,0,0,0,09/12/2016,09/12/2016
I315550304,31555,Complexe sportif,1,1,0,0,0,0,0,07/12/2016,07/12/2016
I315550306,31555,Complexe sportif,1,0,0,0,0,0,0,25/01/2017,25/01/2017
I315550311,31555,Etablissement scolaire,1,1,0,0,0,0,0,17/01/2017,17/01/2017
I315550312,31555,CREPS ou Ecole nationale,0,1,0,0,0,0,0,12/11/2018,31/01/2017
I315550314,31555,Complexe sportif,1,1,0,0,0,0,0,09/12/2016,09/12/2016
I315550319,31555,Etablissement scolaire,1,1,0,0,0,0,0,23/01/2017,23/01/2017
I315550320,31555,Etablissement scolaire,1,1,0,0,0,0,0,16/12/2012,16/12/2012
I315550321,31555,Etablissement scolaire,1,1,0,0,0,0,0,07/01/2013,07/01/2013
I315550336,31555,Etablissement scolaire,1,1,0,0,0,0,0,18/01/2017,18/01/2017
I315550337,31555,Etablissement scolaire,1,1,1,0,0,0,0,16/01/2017,16/01/2017
I315550372,31555,Etablissement scolaire,0,1,0,0,0,0,0,,
I315550380,31555,Etablissement scolaire,0,1,0,0,0,0,0,,
I315550420,31555,Etablissement scolaire,0,1,0,0,0,0,0,,
I315550435,31555,Complexe sportif,0,1,0,0,0,0,0,07/12/2016,07/12/2016
I315550441,31555,Complexe sportif,0,1,0,0,0,0,0,24/01/2017,24/01/2017
I315550454,31555,Etablissement scolaire,0,1,0,0,0,0,0,16/12/2012,16/12/2012
I315550477,31555,Etablissement scolaire,0,1,0,0,0,0,0,14/05/2019,14/05/2019
I315550478,31555,Etablissement scolaire,0,1,0,0,0,0,0,16/05/2019,
I315550479,31555,Etablissement scolaire,,,,,,,,16/05/2019,16/05/2019
I315550480,31555,Etablissement scolaire,0,1,0,0,0,0,0,16/05/2019,16/05/2019
I315550481,31555,Etablissement scolaire,0,1,0,0,0,0,0,17/05/2019,17/05/2019
I315570001,31557,Etablissement scolaire,0,1,0,0,0,0,0,02/12/2016,02/12/2016
I315570013,31557,Etablissement scolaire,0,1,0,0,0,0,0,02/12/2016,02/12/2016
I315570014,31557,Complexe sportif,0,1,0,0,0,0,0,02/12/2016,02/12/2016
I315570015,31557,Complexe sportif,0,1,0,0,0,0,0,05/12/2016,05/12/2016
I315570016,31557,Complexe sportif,0,1,0,0,0,0,0,02/12/2016,02/12/2016
I315570017,31557,Complexe sportif,0,1,0,0,0,0,0,02/12/2016,02/12/2016
I315570023,31557,Base de plein air et/ou de loisirs,0,1,0,0,0,0,0,05/12/2016,05/12/2016
I315610001,31561,Complexe sportif,0,1,0,0,0,0,0,01/10/2019,05/07/2016
I315610002,31561,Base de plein air et/ou de loisirs,0,1,0,0,0,0,0,23/11/2018,03/02/2017
I315610013,31561,Etablissement scolaire,0,1,0,0,0,0,0,05/07/2016,05/07/2016
I315610022,31561,Etablissement scolaire,0,1,0,0,0,0,0,05/07/2016,05/07/2016
I315610024,31561,Etablissement scolaire,0,1,0,0,0,0,0,05/07/2016,05/07/2016
I315630001,31563,Complexe sportif,0,0,0,0,0,0,1,25/11/2019,25/11/2019
I315690004,31569,Arodrome/aroport,0,0,0,0,0,0,1,30/10/2018,03/03/2014
I315730001,31573,Etablissement scolaire,,,,,,,0,01/07/2015,01/07/2015
I315730003,31573,Complexe sportif,,,,,,,0,07/07/2015,07/07/2015
I315730006,31573,Base de plein air et/ou de loisirs,,,,,,,0,01/07/2015,01/07/2015
I315730007,31573,Base de plein air et/ou de loisirs,,,,,,,0,01/07/2015,01/07/2015
I315740005,31574,Etablissement scolaire,0,0,0,0,0,0,1,02/12/2019,19/11/2014
I315740007,31574,Etablissement scolaire,0,0,0,0,0,0,1,03/12/2019,
I315750001,31575,Complexe sportif,0,0,0,0,0,0,1,29/10/2019,29/10/2019
I315780002,31578,Complexe sportif,0,0,0,0,0,0,1,21/11/2019,21/11/2019
I315780009,31578,Etablissement scolaire,0,1,0,0,0,0,0,19/11/2019,19/11/2019
I315820001,31582,Complexe sportif,0,1,0,0,0,0,0,21/10/2015,21/10/2015
I315820011,31582,Etablissement scolaire,0,1,0,0,0,0,0,,
I315820013,31582,Etablissement scolaire,0,1,0,0,0,0,0,,
I315840001,31584,Complexe sportif,0,1,0,0,0,0,0,28/07/2015,28/07/2015
I315840002,31584,Complexe sportif,0,1,0,0,0,0,0,16/11/2018,28/07/2015
I315840004,31584,Etablissement scolaire,0,1,0,0,0,0,0,28/07/2015,28/07/2015
I315840012,31584,Etablissement scolaire,0,1,0,0,0,0,0,30/07/2015,30/07/2015
I315850001,31585,Complexe sportif,0,1,0,0,0,0,0,14/11/2019,14/11/2019
I315870003,31587,Etablissement scolaire,0,0,0,0,0,0,1,22/11/2019,22/11/2019
I315880001,31588,Complexe sportif,0,1,0,0,0,0,0,23/09/2015,23/09/2015
I315880007,31588,Etablissement scolaire,0,1,0,0,0,0,0,23/09/2015,23/09/2015
I315890003,31589,Complexe sportif,0,0,0,0,0,0,1,07/11/2019,07/11/2019
I315920002,31592,Etablissement scolaire,0,0,0,0,0,0,1,18/10/2019,18/10/2019
I315920003,31592,Complexe sportif,0,0,0,0,0,0,1,18/10/2019,18/10/2019
